id,mediumname,freeoremployed,UpDate,fairness,Suspiciousmedium
144,Frau im Leben,frei,2018-10-01 12:46:28.243714+00,"",Ok
123,Medium Magazin,frei,2018-09-29 12:10:02.769759+00,"",Ok
137,Die Welt,frei,2018-10-05 15:25:31.104286+00,"",Ok
66,manager-magazin.de,fest,2018-09-16 14:31:31.716442+00,"",Ok
68,Spiegel Geschichte,frei,2018-09-19 06:42:02.842783+00,"",Ok
69,Tempus Corporate,frei,2018-09-19 07:05:08.926477+00,"",Ok
71,NZZ folio,frei,2018-09-19 07:13:50.441104+00,"",Ok
158,Technology Review,frei,2018-10-01 18:32:42.243949+00,"",Ok
73,RND Redaktionsnetzwerk Deutschland,frei,2018-09-19 07:20:55.899162+00,"",Ok
74,Hohe Luft,frei,2018-09-19 08:02:49.988752+00,"",Ok
77,Christ und Welt ,frei,2018-09-19 08:19:59.394309+00,"",Ok
147,Stylepark,frei,2018-10-01 12:47:28.515299+00,"",Ok
117,Rhein-Neckar-Zeitung,frei,2018-10-05 19:26:02.231567+00,"",Ok
84,Offenburger Tageglatt,frei,2018-09-19 08:37:55.863641+00,"",Ok
82,Rheinpfalz,frei,2018-09-19 08:38:16.21769+00,"",Ok
85,Basler Zeitung,frei,2018-09-19 08:39:33.431037+00,"",Ok
87,Luxemburger Wort,frei,2018-09-19 08:41:09.828178+00,"",Ok
88,Frankfurter Allgemeine Sonntagszeitung,pauschal,2018-09-19 08:47:23.75079+00,"",Ok
148,Ruhr Nachrichten,frei,2018-10-01 12:48:04.998703+00,"",Ok
75,Geo Wissen,frei,2018-10-04 11:46:23.882796+00,,Ok
63,T3n Online,frei,2018-10-04 11:04:37.00973+00,,Ok
146,Der Tagesspiegel,pauschal,2018-10-01 12:47:18.305258+00,,Ok
126,Turi2 Online,pauschal,2018-09-30 17:23:41.893666+00,"",Ok
127,Neue Zürcher Zeitung,frei,2018-09-30 22:38:51.305603+00,"",Ok
93,Pforzheimer Zeitung,frei,2018-09-19 08:52:09.927038+00,"",Ok
150,Häuser,frei,2018-10-01 12:48:22.959598+00,"",Ok
130,Badische Zeitung,frei,2018-10-05 16:08:31.68375+00,"",Ok
96,EU Observer,frei,2018-09-19 09:03:58.604097+00,"",Ok
100,Schwäbische Zeitung,frei,2018-09-19 10:14:38.031183+00,"",Ok
131,Kontext-Wochenzeitung,frei,2018-09-30 22:50:36.93652+00,"",Ok
132,Forum-Wochenmagazin,frei,2018-09-30 22:51:48.348317+00,"",Ok
78,T3n,frei,2018-10-04 19:08:11.34867+00,"",Ok
133,c't magazin für computertechnik,fest,2018-10-01 12:38:48.204628+00,"",Ok
135,Badische Zeitung ,frei,2018-10-01 12:40:36.950786+00,"",Ok
172,taz,frei,2018-10-04 11:14:37.97221+00,"",Ok
157,Photovoltaik Magazin,frei,2018-10-01 12:52:03.593345+00,"",Ok
105,Frankfurter Rundschau,frei,2018-10-05 07:16:36.909768+00,"",Ok
102,Flechtwerk,frei,2018-09-19 10:52:00.899715+00,"",Ok
103,Science Notes,frei,2018-09-19 10:54:48.522778+00,"",Ok
134,enorm Magazin,frei,2018-10-01 12:40:04.563879+00,,Ok
113,ze.tt,frei,2018-10-05 20:15:54.160097+00,"",Ok
106,Radwelt,frei,2018-09-19 13:41:59.788455+00,"",Ok
107,Nido,frei,2018-09-21 09:33:10.264711+00,"",Ok
136,Good News,pauschal,2018-10-01 12:42:06.931206+00,"",Ok
108,Geo Wissen ,frei,2018-09-21 09:35:24.291965+00,"",Ok
109,Mein/4,frei,2018-09-21 09:37:13.865295+00,"",Ok
110,fluter ,frei,2018-09-21 09:38:14.752359+00,"",Ok
111,Goethe ,frei,2018-09-21 09:40:54.780062+00,"",Ok
112,kma,frei,2018-09-21 09:41:50.304626+00,"",Ok
119,RND,frei,2018-09-25 09:23:29.834953+00,"",Ok
120,Elixier,frei,2018-09-25 09:43:25.727493+00,"",Ok
121,Journal Frankfurt,frei,2018-09-26 07:32:19.995479+00,"",Ok
94,Frankfurter Allgemeine Sonntagszeitung,frei,2018-10-05 14:18:01.935165+00,"",Ok
139,Leipziger Volkszeitung,frei,2018-10-01 12:42:50.151377+00,"",Ok
168,Baby&Familie ,frei,2018-10-01 13:01:11.088742+00,"",Ok
140,Das Parlament,frei,2018-10-01 12:44:55.615144+00,"",Ok
79,Stuttgarter Zeitung,frei,2018-09-19 08:33:09.299174+00,,Ok
160,rbb Kulturradio,frei,2018-10-01 12:54:50.97057+00,"",Ok
161,Landeszeitung für die Lüneburger Heide,frei,2018-10-01 12:55:52.62053+00,"",Ok
95,Spektrum Online,frei,2018-10-04 08:29:35.843239+00,"",Ok
141,ARD Hörfunk,frei,2018-10-01 12:45:34.245098+00,"",Ok
142,Burda Zeitschrift Freundin,frei,2018-10-01 12:46:01.429057+00,"",Ok
143,Deutschlandfunk Kultur,pauschal,2018-10-01 12:46:24.932445+00,"",Ok
156,t-online.de,pauschal,2018-10-01 12:51:47.415734+00,"",Ok
163,Allgemeine Hotel- und Gastronomie Zeitung,frei,2018-10-01 12:56:48.557402+00,"",Ok
90,Die ZEIT,frei,2018-09-19 08:50:26.182141+00,,Ok
164,Taz am Wochenende ,frei,2018-10-01 12:57:05.654472+00,"",Ok
165,Bremen Fünf / NDR Info,frei,2018-10-01 12:58:15.342975+00,"",Ok
166,Publik-Forum,frei,2018-10-01 12:59:26.42618+00,"",Ok
159,Die deutsche Bühne,frei,2018-10-01 12:58:07.749494+00,"",Ok
92,P.M. Magazin,frei,2018-10-01 13:30:28.387511+00,"",Ok
70,Brand eins,frei,2018-10-01 13:20:59.020253+00,"",Ok
169,Chrismon,frei,2018-10-05 00:37:59.204185+00,"",Ok
89,DB mobil,frei,2018-09-19 08:49:37.842225+00,,Ok
83,Badische Neueste Nachrichten,frei,2018-10-01 18:20:24.551841+00,"",Ok
81,Die Tageszeitung,frei,2018-10-05 18:57:05.956563+00,,Ok
99,SWR2,frei,2018-10-05 21:07:05.620234+00,"",Ok
98,Frankfurter Allgemeine Zeitung,frei,2018-10-05 21:54:21.906324+00,"",Ok
149,Süddeutsche Zeitung,pauschal,2018-10-04 20:23:32.664253+00,"",Ok
154,Ideat,frei,2018-10-02 06:35:17.904923+00,"",Ok
145,Westdeutsche Allgemeine Zeitung,frei,2018-10-04 06:14:01.60877+00,"",Ok
64,Der Journalist,frei,2018-09-16 10:34:47.174144+00,,Ok
114,Dogs,frei,2018-09-21 13:16:39.371128+00,,Ok
62,Gründerszene Online,fest,2018-10-05 18:02:13.593203+00,,Ok
171,Barbara,frei,2018-10-04 11:39:40.521477+00,"",Ok
72,Geo,frei,2018-10-02 11:45:13.561369+00,,Ok
155,Fluter,frei,2018-10-04 19:19:26.503512+00,"",Ok
153,Ruhr Nachrichten,pauschal,2018-10-04 15:22:09.879339+00,"",Ok
86,Die Rheinpfalz,frei,2018-10-04 15:53:21.756238+00,"",Ok
167,Brigitte,frei,2018-10-04 20:56:30.606322+00,"",Ok
151,Mare,frei,2018-10-06 07:14:24.139252+00,"",Ok
97,Reportagen Magazin,frei,2018-09-19 09:05:07.142471+00,,Ok
91,BioHandel,frei,2018-09-19 08:51:46.448813+00,,Ok
122,Spex,frei,2018-10-06 08:54:49.137598+00,,Ok
124,Nordis Skandinavienmagazin,frei,2018-09-30 05:39:36.624748+00,,Ok
125,Nordis Skandinavienmagazin,frei,2018-09-30 06:03:24.295051+00,,Ok
138,Neues Deutschland,frei,2018-10-04 09:21:15.258268+00,,Ok
129,Vivanty,frei,2018-09-30 22:45:43.37161+00,,Ok
170,Die ZEIT,frei,2018-10-01 13:01:39.965214+00,,Ok
104,Deutsche Universitätszeitung,frei,2018-10-05 20:59:58.007664+00,"",Ok
80,Zeit Online,frei,2018-10-06 19:05:26.689378+00,,Ok
255,Slow,frei,2018-10-03 19:13:44.828962+00,"",Ok
173,mare,frei,2018-10-01 13:03:10.895356+00,"",Ok
174,ELTERN Magazin,frei,2018-10-01 13:04:03.273475+00,"",Ok
175,Monopol,frei,2018-10-01 13:04:50.188542+00,"",Ok
176,enorm,frei,2018-10-01 13:08:25.018967+00,"",Ok
116,Natur,frei,2018-10-01 13:09:43.410727+00,"",Ok
256,Donna,frei,2018-10-03 19:18:55.660273+00,"",Ok
177,Drägerheft,frei,2018-10-01 13:23:22.922681+00,"",Ok
178,Tagesspiegel am Sonntag,frei,2018-10-01 13:23:51.68271+00,"",Ok
179,Deutsche Welle,fest,2018-10-01 13:28:15.026207+00,"",Ok
181,Motorist Magazin,frei,2018-10-01 13:39:14.501713+00,"",Ok
182,K&L-Magazin,frei,2018-10-01 13:41:30.69865+00,"",Ok
183,SWR2 Wissen,frei,2018-10-01 13:43:41.13178+00,"",Ok
186,Perspective Daily,frei,2018-10-01 13:48:24.027027+00,"",Ok
187,radio,frei,2018-10-01 13:53:21.912605+00,"",Ok
190,hr2 Kultur,frei,2018-10-01 13:59:00.302332+00,"",Ok
257,Das Magazin,frei,2018-10-03 20:00:24.365139+00,"",Ok
231,Tagesschau Online,pauschal,2018-10-01 20:35:04.322077+00,"",Ok
191,evangelisch.de,frei,2018-10-01 14:01:23.60233+00,"",Ok
193,Zeitzeichen,frei,2018-10-01 14:06:47.760655+00,"",Ok
195,chrismon,frei,2018-10-01 14:10:36.599611+00,"",Ok
196,Weltsichten,frei,2018-10-01 14:12:57.913794+00,"",Ok
258,Szene Hamburg,frei,2018-10-03 20:03:24.341801+00,"",Ok
184,Psychologie Heute,frei,2018-10-04 16:47:40.402034+00,"",Ok
197,Gehirn und Geist,frei,2018-10-01 14:23:36.798209+00,"",Ok
198,AFP,pauschal,2018-10-01 14:25:28.404948+00,"",Ok
201,Senioren Ratgeber,frei,2018-10-01 14:27:31.540532+00,"",Ok
233,Märkische Allgemeine,pauschal,2018-10-01 20:43:51.197507+00,"",Ok
259,NZZ Bellevue,pauschal,2018-10-03 20:08:58.774799+00,"",Ok
206,Turi2 Edition,pauschal,2018-10-01 14:42:54.08926+00,"",Ok
207,Deutsche Welle Online,frei,2018-10-01 14:47:56.624+00,"",Ok
209,Manstein AT,frei,2018-10-01 15:03:23.205067+00,"",Ok
210,Forum Magazin,frei,2018-10-01 15:22:32.688744+00,"",Ok
211,Deutsche Verkehrszeitung,frei,2018-10-01 15:25:53.589716+00,"",Ok
214,taz. die tageszeitung ,frei,2018-10-01 16:42:59.541849+00,"",Ok
215,taz.die tageszeitung,frei,2018-10-01 16:44:06.641532+00,"",Ok
260,TOUR Magazin,frei,2018-10-03 21:15:30.731461+00,"",Ok
274,Mitteldeutscher Rundfunk,frei,2018-10-04 07:20:16.271946+00,"",Ok
230,Der Tagesspiegel,frei,2018-10-01 20:15:24.246342+00,,Ok
212,Die Tageszeitung,pauschal,2018-10-05 20:46:43.333295+00,"",Ok
219,rbb (Radio),frei,2018-10-01 17:41:27.995912+00,"",Ok
221,Fachmagazin (Agrar),fest,2018-10-01 17:48:05.6987+00,"",Ok
222,artline.de,frei,2018-10-01 18:26:34.03764+00,"",Ok
264,Missy Magazine,frei,2018-10-05 19:00:48.263122+00,"",Ok
202,Berliner Zeitung,frei,2018-10-04 16:14:33.055517+00,"",Ok
236,A&W Architektur & Wohnen ,frei,2018-10-02 06:36:51.742282+00,"",Ok
237,GEOlino extra,frei,2018-10-02 06:38:26.831434+00,"",Ok
152,Die Welt am Sonntag,frei,2018-10-02 06:39:23.040519+00,"",Ok
239,Frankfurter Allgemeine Sonntagszeitung ,frei,2018-10-02 06:47:07.198898+00,"",Ok
224,Jetzt Online,frei,2018-10-05 19:22:46.557676+00,,Ok
232,T-Online,fest,2018-10-03 22:11:23.11041+00,"",Ok
268,Bremen Fünf / NDR Info,pauschal,2018-10-04 05:43:27.27944+00,"",Ok
185,DPA Landesdienst Berlin-Brandenburg,pauschal,2018-10-01 13:47:20.013744+00,,Ok
225,Stern Online,fest,2018-10-01 19:42:17.675444+00,"",Ok
245,Walden,frei,2018-10-02 11:50:20.958691+00,"",Ok
246,reisereporter,frei,2018-10-02 11:51:57.659314+00,"",Ok
277,Westfälischer Anzeiger,frei,2018-10-04 16:16:17.333311+00,"",Ok
227,Tagesschau Online,frei,2018-10-01 20:11:06.266501+00,"",Ok
228,Taz ,frei,2018-10-01 20:12:23.444489+00,"",Ok
248,MACHER,frei,2018-10-02 11:55:33.07577+00,"",Ok
249,Münchner Merkur,frei,2018-10-03 11:56:25.419308+00,"",Ok
250,Das Magazin (Berlin),frei,2018-10-03 14:14:20.137065+00,"",Ok
218,welt-sichten,frei,2018-10-03 14:24:26.709783+00,"",Ok
261,Westfälische Nachrichten,frei,2018-10-03 22:32:44.52425+00,"",Ok
67,Spiegel Online,frei,2018-10-06 08:48:16.79683+00,,Ok
251,Funke Mediengruppe,frei,2018-10-03 15:40:54.025001+00,"",Ok
252,Baumeister,frei,2018-10-03 17:59:11.305167+00,"",Ok
253,Emotion,frei,2018-10-03 19:10:30.449682+00,"",Ok
270,Rheinische Post,fest,2018-10-05 04:16:27.950607+00,"",Ok
188,DPA,frei,2018-10-05 11:41:26.555746+00,,Ok
263,ShapeUP,frei,2018-10-04 05:17:02.783078+00,"",Ok
265,Politik & Kultur,frei,2018-10-04 05:30:29.154089+00,"",Ok
266,Handwerk Magazin,frei,2018-10-04 05:31:52.226381+00,"",Ok
267,an.schläge - das feministische magazin,frei,2018-10-04 05:32:52.561304+00,"",Ok
275,journalist,frei,2018-10-04 07:22:57.084355+00,"",Ok
271,Selber machen,frei,2018-10-04 06:13:51.450339+00,"",Ok
272,Bilanz,frei,2018-10-04 06:25:08.080415+00,"",Ok
128,Süddeutsche Zeitung,frei,2018-10-05 20:48:47.875921+00,"",Ok
217,Jungle World,frei,2018-10-04 10:36:29.683985+00,"",Ok
216,ZDF,pauschal,2018-10-04 18:52:24.172592+00,"",Ok
235,WDR 3,frei,2018-10-04 07:00:02.113596+00,"",Ok
273,Frankfurter Allgemeine Zeitung,fest,2018-10-04 16:05:48.724352+00,"",Ok
279,taz die tageszeitung,fest,2018-10-04 07:43:37.703974+00,"",Ok
280,Süddeutsche Zeitung Digitale Medien,fest,2018-10-04 07:44:12.488292+00,"",Ok
282,Norddeutscher Rundfunk,fest,2018-10-04 07:49:45.68785+00,"",Ok
194,NZZ,frei,2018-10-05 21:55:11.402321+00,"",Ok
223,Frankfurter Rundschau,fest,2018-10-04 08:53:57.596735+00,"",Ok
208,Merian,frei,2018-10-04 13:47:36.735345+00,"",Ok
283,Wirtschaftswoche,frei,2018-10-04 09:02:34.249195+00,"",Ok
189,Saarbrücker Zeitung,frei,2018-10-04 12:32:52.62882+00,"",Ok
180,Spektrum der Wissenschaft,frei,2018-10-01 13:37:36.4604+00,,Ok
269,Norddeutscher Rundfunk,frei,2018-10-05 18:32:44.259313+00,"",Ok
281,Welt am Sonntag,frei,2018-10-04 19:28:48.420658+00,"",Ok
238,Sächsische Zeitung,frei,2018-10-05 23:33:42.06954+00,"",Ok
254,Essen & Trinken,frei,2018-10-04 23:30:34.850879+00,"",Ok
204,Vice Online,frei,2018-10-05 06:24:45.311523+00,"",Ok
240,Deutsche Presseagentur,pauschal,2018-10-05 17:04:32.942155+00,"",Ok
65,Der Tagesspiegel,frei,2018-10-04 19:17:38.86306+00,,Ok
247,Stern - Gesund leben,frei,2018-10-02 11:53:05.928653+00,,Ok
244,National Geographic Deutschland,frei,2018-10-02 11:46:07.22116+00,,Ok
192,Publik Forum,frei,2018-10-01 14:04:37.491211+00,,Ok
276,Westdeutscher Rundfunk,pauschal,2018-10-06 17:02:24.36013+00,,Ok
229,Berliner Morgenpost,frei,2018-10-06 18:46:37.294073+00,"",Ok
213,Die Zeit,fest,2018-10-06 11:34:06.776994+00,"",Ok
278,Mitteldeutsche Zeitung,fest,2018-10-06 16:58:14.533549+00,"",Ok
348,Nordis,frei,2018-10-04 10:09:03.510279+00,,Ok
285,Jüdische Allgemeine,frei,2018-10-04 07:54:04.949508+00,"",Ok
286,Die Welt Online,frei,2018-10-04 07:59:10.168416+00,"",Ok
234,Deutschlandfunk Kultur,frei,2018-10-05 19:56:11.047507+00,"",Ok
287,Fachmedium,fest,2018-10-04 08:00:10.939285+00,"",Ok
288,PAGE,fest,2018-10-04 08:03:56.935077+00,"",Ok
289,Haller Tagblatt,frei,2018-10-04 08:16:13.319285+00,"",Ok
290,Theater heute,frei,2018-10-04 08:18:48.94783+00,"",Ok
292,Der Landbote (Winterthur),frei,2018-10-04 08:22:42.037293+00,"",Ok
295,Impulse,fest,2018-10-04 08:25:50.428576+00,"",Ok
298,vigo (wdv-verlag),frei,2018-10-04 08:31:00.918731+00,"",Ok
299,Stern gesund leben,frei,2018-10-04 08:31:03.752285+00,"",Ok
300,evanglisch.de,frei,2018-10-04 08:33:50.856527+00,"",Ok
301,Der Feinschmecker,frei,2018-10-04 08:36:46.579284+00,"",Ok
303,Allg. Hotel und Gastronomie Zeitung,frei,2018-10-04 08:40:39.373517+00,"",Ok
306,Slow Food MAgazin,frei,2018-10-04 08:43:41.502229+00,"",Ok
375,web.de,frei,2018-10-04 12:16:26.240114+00,"",Ok
305,Die Zeit,pauschal,2018-10-04 08:43:44.324657+00,"",Ok
307,Deutschlandfunk Nova,pauschal,2018-10-04 08:47:47.880918+00,"",Ok
308,Ärztenachrichtendienst,fest,2018-10-04 08:48:21.020191+00,"",Ok
311,Allgemeiner Anzeiger,frei,2018-10-04 08:56:51.279108+00,"",Ok
312,Verivox,fest,2018-10-04 08:57:07.334205+00,"",Ok
314,General-Anzeiger Bonn,frei,2018-10-04 09:03:04.107398+00,"",Ok
316,ProSieben,fest,2018-10-04 09:07:28.323255+00,"",Ok
317,Radio Mülheim,frei,2018-10-04 09:13:18.513429+00,"",Ok
318,Ze.tt,frei,2018-10-04 09:14:59.199825+00,"",Ok
319,Ruhr-Nachrichten Schwerte,frei,2018-10-04 09:15:40.093984+00,"",Ok
320,Iserlohner Kreisanzeiger und Zeitung,frei,2018-10-04 09:16:14.053672+00,"",Ok
322,Der Feinschmecker,fest,2018-10-04 09:23:05.124462+00,"",Ok
323,Die Welt,pauschal,2018-10-04 09:25:12.072101+00,"",Ok
324,Spektrum Online,fest,2018-10-04 09:27:17.711906+00,"",Ok
325,Orange by Handelsblatt,frei,2018-10-04 09:27:45.135989+00,"",Ok
326,Der Standard,frei,2018-10-04 09:27:49.155464+00,"",Ok
327,Perspective Daily,fest,2018-10-04 09:28:54.400351+00,"",Ok
376,living & more,frei,2018-10-04 12:17:50.203758+00,"",Ok
309,Der Tagesspiegel,fest,2018-10-05 07:11:20.207379+00,"",Ok
330,Zeit Online,pauschal,2018-10-04 09:34:25.077211+00,"",Ok
331,Kölner StadtAnzeiger,frei,2018-10-04 09:34:48.600622+00,"",Ok
332,taz,fest,2018-10-04 09:36:17.954168+00,"",Ok
333,Straubinger Tagblatt,fest,2018-10-04 09:36:35.166942+00,"",Ok
334,Der SPIEGEL,frei,2018-10-04 09:38:18.535081+00,"",Ok
329,Deutsche Welle,frei,2018-10-04 09:43:09.203293+00,"",Ok
336,Men´s Health,fest,2018-10-04 09:46:43.797873+00,"",Ok
337,Unternehmermagazin,fest,2018-10-04 09:47:31.859569+00,"",Ok
338,Sonstiges,fest,2018-10-04 09:49:13.996536+00,"",Ok
341,Selbstständig,frei,2018-10-04 09:51:56.698353+00,"",Ok
342,Wiesbadener Kurier - Printzeitung,frei,2018-10-04 09:52:29.790792+00,"",Ok
343,NZZ,fest,2018-10-04 09:52:46.334472+00,"",Ok
344,Landsberger Tagblatt,frei,2018-10-04 09:55:09.369101+00,"",Ok
345,Zeit Magazin Online,frei,2018-10-04 09:59:15.682719+00,"",Ok
346,Weser-Kurier,fest,2018-10-04 10:07:33.915057+00,"",Ok
347,Focus Diabetes,frei,2018-10-04 10:09:01.237121+00,"",Ok
349,TV,fest,2018-10-04 10:09:53.961262+00,"",Ok
350,WAZ Lokalredaktionen,frei,2018-10-04 10:18:51.664866+00,"",Ok
351,WAZ Lokalredaktion Witten,fest,2018-10-04 10:21:22.045725+00,"",Ok
352,brandeins,frei,2018-10-04 10:22:40.888351+00,"",Ok
353,WAZ Wochenende,frei,2018-10-04 10:23:14.605966+00,"",Ok
354,WDR Cosmo,frei,2018-10-04 10:28:13.149473+00,"",Ok
377,Eltern,frei,2018-10-04 12:19:31.148983+00,"",Ok
302,Wirtschaftswoche,fest,2018-10-06 16:55:11.444197+00,"",Ok
355,Sat.1,fest,2018-10-04 10:28:25.774163+00,"",Ok
356,Musikexpress,frei,2018-10-04 10:34:32.944998+00,"",Ok
357,Süddeutsche Zeitung Magazin,fest,2018-10-04 10:39:45.205199+00,"",Ok
359,Sttaubinger Tagblatt,fest,2018-10-04 10:51:41.722744+00,"",Ok
360,Orf Radio Ö1,fest,2018-10-04 10:53:44.838712+00,"",Ok
361,Radio Bremen,fest,2018-10-04 10:59:56.481278+00,"",Ok
362,Selbständig,frei,2018-10-04 11:00:35.860268+00,"",Ok
365,Heilbronner Stimme,fest,2018-10-04 11:21:33.149124+00,"",Ok
366,MDR Aktuell,pauschal,2018-10-04 11:25:58.664212+00,"",Ok
367,Republik (Onlinemagazin Schweiz),fest,2018-10-04 11:37:22.597465+00,"",Ok
368,PM History,frei,2018-10-04 11:43:52.448095+00,"",Ok
369,Mit Vergnügen,fest,2018-10-04 11:51:24.779413+00,"",Ok
370,Bietigheimer Zeitung,frei,2018-10-04 11:53:02.188259+00,"",Ok
371,Wanderlust,frei,2018-10-04 12:01:24.299827+00,"",Ok
372,Mittelbayerische Zeitung,fest,2018-10-04 12:10:38.739274+00,"",Ok
379,Delmenhorster Kurier,frei,2018-10-04 12:26:29.927531+00,"",Ok
378,Maxi,frei,2018-10-05 01:54:55.257226+00,"",Weird
381,essen & trinken,fest,2018-10-04 12:32:22.620258+00,"",Ok
383,Medienmagazin journalist,frei,2018-10-04 12:42:23.787777+00,"",Ok
384,WDR 2,fest,2018-10-04 12:44:46.664394+00,"",Ok
385,Wochenspiegel Halle,fest,2018-10-04 12:48:35.650644+00,"",Ok
386,Die Rheinpfalz,fest,2018-10-04 12:49:40.248874+00,"",Ok
388,Erzbistum Berlin,frei,2018-10-04 12:56:35.564441+00,"",Ok
390,SWR2 Radio,frei,2018-10-04 13:09:14.158192+00,"",Ok
391,ze.tt,fest,2018-10-04 13:19:53.82112+00,"",Ok
339,Hamburger Morgenpost,frei,2018-10-04 13:11:33.13384+00,"",Ok
392,"Produktionsfirmen i.A. von ARD, ZDF, arte, 3sat, DW",frei,2018-10-04 13:20:04.242833+00,"",Ok
393,"Produktionsfirmen i.A. von ARD, ZDF, Deutsche Welle, 3sat, arte",frei,2018-10-04 13:22:30.474079+00,"",Weird
364,WDR 5,frei,2018-10-05 20:53:43.63463+00,"",Ok
284,Der Focus,fest,2018-10-04 07:53:25.51712+00,,Ok
328,Apotheken-Umschau,frei,2018-10-04 16:39:59.342763+00,"",Ok
304,Alpin,frei,2018-10-04 16:43:37.779492+00,"",Ok
380,Neue Osnabrücker Zeitung,frei,2018-10-04 18:14:42.546413+00,"",Ok
374,Radio,fest,2018-10-04 20:38:56.00768+00,"",Ok
321,Abendzeitung,frei,2018-10-04 18:29:21.805082+00,"",Ok
310,Rheinische Post,frei,2018-10-06 18:55:24.276172+00,"",Ok
335,Fernsehen,fest,2018-10-04 19:42:09.704831+00,"",Ok
387,Tag des Herrn,frei,2018-10-04 22:00:00.962925+00,"",Ok
291,Spiegel Online,fest,2018-10-05 19:16:19.293347+00,"",Ok
340,pma,frei,2018-10-04 09:51:13.248321+00,,Ok
297,Bayerischer Rundfunk,frei,2018-10-05 08:57:28.21956+00,"",Ok
389,Bild,frei,2018-10-05 09:21:18.389527+00,"",Ok
294,Tageszeitung,fest,2018-10-05 10:32:26.196689+00,"",Ok
293,Rundfunk Berlin-Brandenburg,fest,2018-10-06 16:54:34.848565+00,"",Ok
262,Süddeutsche Zeitung,fest,2018-10-05 18:32:09.614271+00,"",Ok
363,Werben und Verkaufen,frei,2018-10-04 11:01:26.332649+00,,Ok
296,T-Online,frei,2018-10-06 19:47:44.660004+00,"",Ok
394,Produktionsfirma i.A. von 3sat,frei,2018-10-04 13:27:43.239419+00,"",Ok
395,Produktionsfirma i.A. arteJournal,frei,2018-10-04 13:28:44.766259+00,"",Ok
396,Produktionsfirma i-A- Deutsche Welle,frei,2018-10-04 13:29:53.289988+00,"",Weird
397,Produktionsfirma iA ZDF,frei,2018-10-04 13:32:12.470273+00,"",Ok
398,Sport1,pauschal,2018-10-04 13:39:15.407257+00,"",Ok
400,Online-Redaktion Fachzeitschrift,fest,2018-10-04 13:42:13.420255+00,"",Ok
402,Zeit Campus Online,frei,2018-10-04 13:44:32.442431+00,"",Ok
403,Zentralbild,fest,2018-10-04 13:44:39.165378+00,"",Ok
315,Cicero,frei,2018-10-04 13:45:45.87967+00,"",Ok
404,Munich Online,fest,2018-10-04 13:56:00.171897+00,"",Ok
405,enorm Magazin,fest,2018-10-04 13:57:45.478325+00,"",Ok
406,Burda,fest,2018-10-04 14:03:42.826737+00,"",Ok
407,Zeit Online,fest,2018-10-04 14:04:04.268176+00,"",Ok
409,Technik + Einkauf,frei,2018-10-04 14:17:53.334557+00,"",Ok
410,Neue Zürcher Zeitung,fest,2018-10-04 14:18:21.077385+00,"",Ok
411,Der Tagesspiegel,pauschal,2018-10-04 14:18:48.821255+00,"",Ok
412,Best-in-Procurement,frei,2018-10-04 14:19:15.544005+00,"",Ok
413,Mit Vergnügen,frei,2018-10-04 14:19:51.390691+00,"",Ok
414,Funke Mediengruppe (Online),fest,2018-10-04 14:23:01.989925+00,"",Ok
415,Kreiszeitung,fest,2018-10-04 14:25:43.840008+00,"",Ok
417,dpa themendienst,frei,2018-10-04 14:36:04.268717+00,"",Ok
420,Euronews,pauschal,2018-10-04 14:41:16.524406+00,"",Ok
421,Online News,fest,2018-10-04 14:55:24.05621+00,"",Ok
422,Radio,frei,2018-10-04 14:57:06.925311+00,"",Ok
424,Senioren Ratgeber,fest,2018-10-04 15:03:55.394527+00,"",Ok
479,Bento,pauschal,2018-10-04 19:32:08.375441+00,"",Ok
423,WDR 1LIVE,frei,2018-10-04 15:11:11.951723+00,"",Ok
480,Remscheider General-Anzeiger,frei,2018-10-04 19:33:55.187234+00,"",Ok
427,Detektor.fm Wort,frei,2018-10-04 15:13:33.611415+00,"",Ok
428,N-tv,pauschal,2018-10-04 15:13:48.833624+00,"",Ok
429,WDR COSMO,pauschal,2018-10-04 15:16:47.873298+00,"",Ok
430,online,fest,2018-10-04 15:22:29.944014+00,"",Ok
431,WDR 1Live,frei,2018-10-04 15:26:06.772354+00,"",Ok
432,Zeitschrift,fest,2018-10-04 15:32:40.044357+00,"",Ok
433,WAZ Lokalredaktion Bochum,frei,2018-10-04 15:42:26.653046+00,"",Ok
358,WDR Fernsehen,frei,2018-10-04 15:44:58.439698+00,"",Ok
434,Funke Medien Gruppe,fest,2018-10-04 16:02:17.639735+00,"",Ok
436,Nordsee-Zeitung,fest,2018-10-04 16:05:09.651344+00,"",Ok
437,Stern,fest,2018-10-04 16:10:37.487389+00,"",Ok
481,Funke Medien Gruppe,frei,2018-10-04 19:37:16.908485+00,"",Ok
226,Unispiegel,frei,2018-10-04 16:12:36.606662+00,"",Ok
484,Die Tageszeitung,fest,2018-10-04 20:12:10.275852+00,"",Ok
442,BILD,fest,2018-10-04 16:52:35.743417+00,"",Ok
443,Lübecker Nachrichten,pauschal,2018-10-04 16:52:56.53303+00,"",Ok
444,Daddylicious,frei,2018-10-04 16:54:20.567449+00,"",Ok
445,Deutsch perfekt,fest,2018-10-04 17:03:51.502547+00,"",Ok
446,Wochenzeitung,fest,2018-10-04 17:13:21.203854+00,"",Ok
447,MDR Sachsen,frei,2018-10-04 17:19:13.406625+00,"",Ok
448,Kundenmagazin Medtech-Branche,frei,2018-10-04 17:24:10.954016+00,"",Ok
449,Illustrierte,frei,2018-10-04 17:25:54.619742+00,"",Ok
450,campus.leben,frei,2018-10-04 17:26:12.293106+00,"",Ok
451,Online,frei,2018-10-04 17:28:13.378976+00,"",Ok
453,Die Aktuelle,frei,2018-10-04 17:32:53.158031+00,"",Ok
454,Wienerin,frei,2018-10-04 17:33:53.725469+00,"",Ok
455,FAZ Online,fest,2018-10-04 17:38:04.525989+00,"",Ok
456,Wirtschaftswoche Online,frei,2018-10-04 17:39:42.269556+00,"",Ok
458,dpa Themendienst,frei,2018-10-04 17:41:38.916983+00,"",Ok
459,BuzzFeed News,frei,2018-10-04 17:45:05.694139+00,"",Ok
243,Stern,frei,2018-10-04 16:17:33.871353+00,,Ok
460,Freie Presse,fest,2018-10-04 17:48:09.751439+00,"",Ok
461,BR,frei,2018-10-04 17:48:09.935006+00,"",Ok
462,Handelsblatt,frei,2018-10-04 17:54:46.196864+00,"",Ok
463,Süddeutsche Online,fest,2018-10-04 18:07:52.140485+00,"",Ok
425,Deutschlandfunk Nova,frei,2018-10-06 19:11:45.881674+00,"",Ok
464,N-tv,fest,2018-10-04 18:25:59.527833+00,"",Ok
465,Nürnberger Nachrichten,fest,2018-10-04 18:27:15.695762+00,"",Ok
467,Landshuter Zeitung,fest,2018-10-04 18:45:43.055407+00,"",Ok
469,Nordbayerische Nachrichten,fest,2018-10-04 18:52:47.647981+00,"",Ok
471,Magdeburger Volksstimme,fest,2018-10-04 19:14:38.310697+00,"",Ok
472,Dresdner Neueste Nachrichten,frei,2018-10-04 19:15:09.677177+00,"",Ok
473,Hiphop.de,frei,2018-10-04 19:15:38.421406+00,"",Ok
474,Le Monde Diplomatique,frei,2018-10-04 19:15:55.501851+00,"",Ok
475,Bento.de,frei,2018-10-04 19:18:28.764145+00,"",Ok
476,Ndr,fest,2018-10-04 19:19:25.394207+00,"",Ok
477,Bild,fest,2018-10-04 19:20:04.327866+00,"",Ok
478,Kölnische Rundschau,frei,2018-10-04 19:29:19.5827+00,"",Ok
487,Göttinger Tageblatt,fest,2018-10-04 20:22:21.962503+00,"",Ok
457,Brigitte,fest,2018-10-04 20:36:21.621031+00,"",Ok
452,Die Welt,fest,2018-10-06 08:13:55.632183+00,"",Ok
488,Computer Bild,fest,2018-10-04 20:43:46.076305+00,"",Ok
470,Buzzfeed,frei,2018-10-05 11:55:09.314114+00,"",Ok
491,stern.de,fest,2018-10-04 20:55:53.784916+00,"",Ok
489,Radio Essen,frei,2018-10-04 21:21:15.507737+00,"",Ok
492,Chip Online,pauschal,2018-10-04 20:58:00.106156+00,"",Ok
490,Radio Essen,pauschal,2018-10-04 21:19:39.783236+00,"",Ok
493,Der Spiegel,fest,2018-10-04 20:58:26.067348+00,"",Ok
494,Chip Online,frei,2018-10-04 21:12:36.216815+00,"",Ok
495,Utopia.de,frei,2018-10-04 21:06:36.640448+00,"",Ok
496,Radio Oberhausen,fest,2018-10-04 21:10:36.459971+00,"",Ok
497,Radio Mülheim,fest,2018-10-04 21:11:46.210363+00,"",Ok
498,Print Fachmagazin,fest,2018-10-04 21:12:51.024447+00,"",Ok
499,Focus Online,frei,2018-10-04 21:22:24.945503+00,"",Ok
500,Focus Online,pauschal,2018-10-04 21:24:39.267539+00,"",Ok
501,Vatican News,frei,2018-10-04 21:50:41.635098+00,"",Ok
502,Nordkurier,fest,2018-10-04 21:53:07.671925+00,"",Ok
503,Vtican newes,frei,2018-10-04 21:57:10.635977+00,"",Ok
441,Focus Gesundheit,frei,2018-10-05 09:56:22.383515+00,"",Ok
408,Hessischer Rundfunk,frei,2018-10-05 07:33:08.443469+00,"",Ok
426,Business Punk,frei,2018-10-05 08:34:29.40318+00,"",Ok
482,Der Freitag,frei,2018-10-05 20:51:25.293457+00,"",Ok
483,Print,fest,2018-10-05 19:04:14.535281+00,"",Ok
419,WdR,pauschal,2018-10-04 14:40:06.765751+00,,Ok
416,WDR Online,pauschal,2018-10-04 14:29:02.329025+00,,Ok
440,Stormarner Tageblatt,frei,2018-10-04 16:21:13.288685+00,,Ok
439,SHZ,frei,2018-10-04 16:20:08.517718+00,,Ok
435,Bloganbieter,frei,2018-10-04 16:02:58.847473+00,,Ok
485,DIE ZEIT,fest,2018-10-05 11:52:25.964984+00,,Ok
486,Radio NRW,fest,2018-10-06 21:50:09.61697+00,"",Ok
418,Deutsche Presseagentur,fest,2018-10-06 23:20:14.802352+00,"",Ok
504,Kölner Stadt-Anzeiger,pauschal,2018-10-04 21:57:33.842947+00,"",Ok
505,Lufthansa Magazin,fest,2018-10-04 22:22:20.549654+00,"",Ok
506,Telepolis,frei,2018-10-04 23:28:25.98714+00,"",Ok
562,PNN,pauschal,2018-10-05 18:24:11.731311+00,"",Ok
507,Der Focus,frei,2018-10-04 23:30:19.993601+00,"",Ok
508,Watson Online,fest,2018-10-05 03:58:18.896116+00,"",Ok
511,Gehirn & Geist,frei,2018-10-05 05:23:40.194488+00,"",Ok
527,DPA,fest,2018-10-05 08:12:05.7579+00,,Ok
563,LIFT - Das Stuttgartmagazin,frei,2018-10-05 18:58:02.128222+00,"",Ok
466,Ruhr-Nachrichten,fest,2018-10-05 06:11:52.101437+00,"",Ok
101,Westdeutscher Rundfunk,frei,2018-10-05 13:55:32.433396+00,,Ok
512,Glamour,frei,2018-10-05 06:28:13.318091+00,"",Ok
513,SZENE Hamburg,frei,2018-10-05 06:31:19.323129+00,"",Ok
514,Internet,frei,2018-10-05 06:36:18.727156+00,"",Ok
564,NDR Fernsehen,fest,2018-10-05 19:03:33.258278+00,"",Ok
515,Verband,frei,2018-10-05 06:41:37.074981+00,"",Ok
516,Cosmopolitan,frei,2018-10-05 06:46:48.51448+00,"",Ok
565,Offenbach-Post,fest,2018-10-05 19:04:20.02186+00,"",Ok
525,travelbook.de,frei,2018-10-05 07:53:46.295189+00,,Ok
523,Mitteldeutscher Rundfunk,fest,2018-10-05 07:51:53.943103+00,,Ok
313,Westdeutscher Rundfunk,fest,2018-10-05 06:51:00.030134+00,"",Ok
566,Art. 5 III,frei,2018-10-05 19:41:28.599235+00,"",Ok
583,Märkische Allgemeine,frei,2018-10-06 07:42:17.180119+00,"",Ok
162,Deutschlandfunk,frei,2018-10-05 19:48:05.839127+00,"",Ok
567,Neue Zürcher Zeitung am Sonntag,frei,2018-10-05 19:51:14.553249+00,"",Ok
568,Umwelt im Unterricht,frei,2018-10-05 19:59:23.207208+00,"",Ok
76,Die Zeit,frei,2018-10-06 07:44:22.834514+00,,Ok
517,PC Magazin,frei,2018-10-05 07:13:23.119336+00,"",Ok
518,c't magazin für computertechnik,frei,2018-10-05 07:17:07.854695+00,"",Ok
519,RTL,fest,2018-10-05 07:24:49.195046+00,"",Ok
520,ZDF,frei,2018-10-05 07:29:03.869229+00,"",Ok
569,tip Berlin,frei,2018-10-05 20:19:41.911041+00,"",Ok
570,netzpolitik.org,fest,2018-10-05 20:25:21.743949+00,"",Ok
521,Funke Zeitschriften,frei,2018-10-05 07:44:42.911937+00,"",Ok
522,Bild der Frau,frei,2018-10-05 07:49:41.994831+00,"",Ok
584,Flair,frei,2018-10-06 08:39:13.907018+00,"",Ok
585,FAZ Online,frei,2018-10-06 08:57:37.89775+00,"",Ok
524,Südkurier,frei,2018-10-05 07:52:30.910153+00,"",Ok
526,Weißenburger Tagblatt,fest,2018-10-05 08:07:48.88318+00,"",Ok
528,General-Anzeiger (Bonn),frei,2018-10-05 08:15:40.354504+00,"",Ok
582,DPA,fest,2018-10-06 07:32:52.396124+00,,Ok
533,WDR 2,frei,2018-10-05 20:57:32.565538+00,"",Ok
529,Radio/TV/Online (Öffentl.-Rechtliche),pauschal,2018-10-05 08:20:03.11806+00,"",Ok
531,Merkurist,frei,2018-10-05 08:30:11.889331+00,"",Ok
532,Techbook,pauschal,2018-10-05 08:31:57.653316+00,"",Ok
594,Automobil Produktion,frei,2018-10-06 15:47:33.037525+00,"",Ok
591,SWR,frei,2018-10-06 14:27:47.066262+00,,Ok
535,Stuttgarter Zeitung / Nachrichten,fest,2018-10-05 09:13:44.195276+00,"",Ok
536,Gizmodo,frei,2018-10-05 09:21:47.969675+00,"",Ok
595,VDMA Nachrichten,frei,2018-10-06 15:50:53.661487+00,"",Ok
537,Hallo München Wochenzeitung,fest,2018-10-05 09:31:00.96311+00,"",Ok
538,Saarländischer Rundfunk,frei,2018-10-05 09:35:04.627002+00,"",Ok
539,Nassauische Neue Presse,frei,2018-10-05 09:36:07.240586+00,"",Ok
571,Taz Online,pauschal,2018-10-05 20:56:44.923946+00,,Ok
572,Aachener Zeitung,pauschal,2018-10-05 22:22:45.404263+00,"",Ok
540,Fachzeitung,frei,2018-10-05 09:44:43.095138+00,"",Ok
573,Wdr 5 Kiraka,frei,2018-10-05 23:36:27.708175+00,"",Ok
534,Junge Welt,frei,2018-10-05 09:48:26.567288+00,"",Ok
541,Zeit Leo,frei,2018-10-05 09:55:16.339227+00,"",Ok
542,epd medien,frei,2018-10-05 10:09:01.056478+00,"",Ok
543,Bahn-Media Verlag,frei,2018-10-05 10:40:33.783195+00,"",Ok
544,"Katholische Frauen Deutschland ""Die Mitarbeiterin""",frei,2018-10-05 10:50:27.191957+00,"",Ok
545,Gießener Anzeiger,frei,2018-10-05 11:19:33.807276+00,"",Ok
546,Prosieben,fest,2018-10-05 11:20:13.421698+00,"",Ok
547,Impulse Medien GmbH,fest,2018-10-05 11:37:57.099245+00,"",Ok
548,Arte,frei,2018-10-05 11:45:38.277633+00,"",Ok
549,Radio NRW,frei,2018-10-05 12:07:13.754512+00,"",Ok
550,Nordkurier,frei,2018-10-05 12:18:32.497678+00,"",Ok
551,Wissenschaftsladen Bonn,frei,2018-10-05 12:28:09.051182+00,"",Ok
552,Wiesbadener Kurier,frei,2018-10-05 12:31:46.284542+00,"",Ok
553,Rhein-Zeitung,fest,2018-10-05 12:31:59.918597+00,"",Ok
554,WirtschaftsWoche Online,frei,2018-10-05 13:22:57.487034+00,"",Ok
574,Pressestelle Universität Leipzig,frei,2018-10-05 23:37:53.39084+00,"",Ok
575,Pressestelle Uni Leipzig,frei,2018-10-05 23:39:56.440211+00,"",Ok
530,Südwestrundfunk,frei,2018-10-06 11:11:55.779443+00,"",Ok
555,WDR 4,frei,2018-10-05 14:15:25.398127+00,"",Ok
556,Sonntagszeitung,frei,2018-10-05 14:15:38.337308+00,"",Ok
557,Fernsehn,fest,2018-10-05 14:35:29.779098+00,"",Ok
558,Test,fest,2018-10-05 14:46:43.530177+00,"",Ok
559,nrwision,fest,2018-10-05 15:49:58.803247+00,"",Ok
576,MDR 1 Radio SChsen,frei,2018-10-05 23:43:08.821475+00,"",Ok
586,Zoomin,fest,2018-10-06 11:24:25.559032+00,"",Ok
560,Edison,frei,2018-10-05 16:28:01.444373+00,"",Ok
561,Aerokurier,frei,2018-10-05 18:11:18.310366+00,"",Ok
401,Bayerischer Rundfunk,pauschal,2018-10-06 06:48:42.336278+00,"",Ok
577,Taspo,frei,2018-10-06 06:50:32.742682+00,"",Ok
578,SchuhMarkt,frei,2018-10-06 06:54:40.128204+00,"",Ok
579,Stores + shops,frei,2018-10-06 06:56:18.005557+00,"",Ok
580,Petra,frei,2018-10-06 06:58:55.480928+00,"",Ok
581,LebensmittelZeitung,frei,2018-10-06 07:00:17.464461+00,"",Ok
587,Funke Mediengruppe,fest,2018-10-06 11:25:07.200554+00,"",Ok
588,Bayerischer Rundfunk,fest,2018-10-06 11:37:10.452004+00,"",Ok
399,Südwestrundfunk,pauschal,2018-10-06 14:38:48.51165+00,,Ok
589,Hit Radio FFH,fest,2018-10-06 11:44:12.020962+00,"",Ok
590,Der Tagesspiegel,fest,2018-10-06 13:03:20.716138+00,,Ok
592,Hessische/Niedersächsische Allgemeine (HNA),fest,2018-10-06 15:18:12.731691+00,"",Ok
593,bänder bleche rohre (Henrich-Publikationen,frei,2018-10-06 15:44:31.244343+00,"",Ok
597,Bild der Wissenschaft,frei,2018-10-06 15:56:14.388084+00,"",Ok
598,Schwäbische Zeitung,fest,2018-10-06 16:57:10.856167+00,"",Ok
599,Prosieben,frei,2018-10-06 16:57:57.100125+00,"",Ok
600,BlickPunkt Potsdam,fest,2018-10-06 16:59:59.128132+00,"",Ok
601,Geo Saison,frei,2018-10-06 17:00:42.984659+00,"",Ok
602,Visions,frei,2018-10-06 17:11:26.137085+00,"",Ok
603,ORF,fest,2018-10-06 19:05:18.582167+00,"",Ok
604,Stuttgarter Nachrichten,frei,2018-10-06 19:08:31.395802+00,"",Ok
605,Evangelischer Pressedienst,frei,2018-10-06 19:14:07.252445+00,"",Ok
596,mav,frei,2018-10-06 15:53:04.952577+00,,Ok
606,Fachpresse Schweiz,frei,2018-10-06 19:38:11.472416+00,,Ok
607,Radio WMW,frei,2018-10-07 07:18:12.595153+00,"",Ok
510,Social Media,fest,2018-10-07 07:44:25.718584+00,"",Ok
608,Passauer Neue Presse,fest,2018-10-07 08:51:57.857796+00,"",Ok
609,Munich Online GmbH,fest,2018-10-07 09:44:52.422583+00,"",Ok
610,tz.de,fest,2018-10-07 10:11:05.564252+00,"",Ok
